model,n_vars,RMSE,MAE,R2,DirAcc,vs_naive_lag1
naive_zero,0,1.7002833635848813,1.2582637362637366,-5.109837033034914e-05,,0.26975595004257263
naive_lag1,1,2.328376881241287,1.7754285714285718,-0.8753664277563942,0.5022026431718062,0.0
OLS (AIC),19,1.7582952596219041,1.2964352795340777,-0.06945666322511634,0.4956043956043956,0.24484078424428662
LGBM (default),19,1.8582204741358712,1.3503462964515904,-0.19446674184219015,0.5274725274725275,0.2019245298702543
LGBM (tuned),19,1.996220920023602,1.4214800189308026,-0.37846830671146026,0.5307692307692308,0.14265558290572292
