model,n_vars,MAE,RMSE,R2,Adj_R2,DirAcc
naive_zero,0,1.2582637362637366,1.7002833635848813,-5.109837033034914e-05,-5.109837033034914e-05,
naive_lag1,1,1.7754285714285718,2.328376881241287,-0.8753664277563942,-0.8774318092847602,0.5022026431718062
Full OLS,34,1.3284915413197882,1.8253053062756355,-0.15252568514861653,-0.19730954034296277,0.5087912087912088
AIC OLS,19,1.2964352795340777,1.7582952596219041,-0.06945666322511634,-0.09228776052992216,0.4956043956043956
